Workbook

Sheet Summary
A1: Phase # | B1: STLC Phase | C1: Group | D1: Total Sub-Activities | E1: AUTO | F1: AI+ | G1: AUTO % | H1: Total AI Coverage
A2: 1 | B2: Requirements Analysis & Review | C2: A · Pre-Testing | D2: =COUNTIF('Activity Catalog'!A2:A51,"1. Requirements Analysis & Review") -> 5 | E2: =COUNTIFS('Activity Catalog'!A2:A51,"1. Requirements Analysis & Review",'Activity Catalog'!F2:F51,"AUTO") -> 1 | F2: =COUNTIFS('Activity Catalog'!A2:A51,"1. Requirements Analysis & Review",'Activity Catalog'!F2:F51,"AI+") -> 4 | G2: =IFERROR(E2/D2,0) -> 0.2 | H2: =IFERROR((E2+F2)/D2,0) -> 1
A3: 2 | B3: Test Planning | C3: A · Pre-Testing | D3: =COUNTIF('Activity Catalog'!A2:A51,"2. Test Planning") -> 5 | E3: =COUNTIFS('Activity Catalog'!A2:A51,"2. Test Planning",'Activity Catalog'!F2:F51,"AUTO") -> 2 | F3: =COUNTIFS('Activity Catalog'!A2:A51,"2. Test Planning",'Activity Catalog'!F2:F51,"AI+") -> 3 | G3: =IFERROR(E3/D3,0) -> 0.4 | H3: =IFERROR((E3+F3)/D3,0) -> 1
A4: 3 | B4: Test Design & Development | C4: B · Test Preparation | D4: =COUNTIF('Activity Catalog'!A2:A51,"3. Test Design & Development") -> 5 | E4: =COUNTIFS('Activity Catalog'!A2:A51,"3. Test Design & Development",'Activity Catalog'!F2:F51,"AUTO") -> 4 | F4: =COUNTIFS('Activity Catalog'!A2:A51,"3. Test Design & Development",'Activity Catalog'!F2:F51,"AI+") -> 1 | G4: =IFERROR(E4/D4,0) -> 0.8 | H4: =IFERROR((E4+F4)/D4,0) -> 1
A5: 4 | B5: Test Environment Setup | C5: B · Test Preparation | D5: =COUNTIF('Activity Catalog'!A2:A51,"4. Test Environment Setup") -> 5 | E5: =COUNTIFS('Activity Catalog'!A2:A51,"4. Test Environment Setup",'Activity Catalog'!F2:F51,"AUTO") -> 1 | F5: =COUNTIFS('Activity Catalog'!A2:A51,"4. Test Environment Setup",'Activity Catalog'!F2:F51,"AI+") -> 4 | G5: =IFERROR(E5/D5,0) -> 0.2 | H5: =IFERROR((E5+F5)/D5,0) -> 1
A6: 5 | B6: Test Execution | C6: C · Test Execution | D6: =COUNTIF('Activity Catalog'!A2:A51,"5. Test Execution") -> 6 | E6: =COUNTIFS('Activity Catalog'!A2:A51,"5. Test Execution",'Activity Catalog'!F2:F51,"AUTO") -> 6 | F6: =COUNTIFS('Activity Catalog'!A2:A51,"5. Test Execution",'Activity Catalog'!F2:F51,"AI+") -> 0 | G6: =IFERROR(E6/D6,0) -> 1 | H6: =IFERROR((E6+F6)/D6,0) -> 1
A7: 6 | B7: Defect Management | C7: C · Test Execution | D7: =COUNTIF('Activity Catalog'!A2:A51,"6. Defect Management") -> 5 | E7: =COUNTIFS('Activity Catalog'!A2:A51,"6. Defect Management",'Activity Catalog'!F2:F51,"AUTO") -> 3 | F7: =COUNTIFS('Activity Catalog'!A2:A51,"6. Defect Management",'Activity Catalog'!F2:F51,"AI+") -> 2 | G7: =IFERROR(E7/D7,0) -> 0.6 | H7: =IFERROR((E7+F7)/D7,0) -> 1
A8: 7 | B8: Test Reporting & Metrics | C8: D · Test Intelligence & Closure | D8: =COUNTIF('Activity Catalog'!A2:A51,"7. Test Reporting & Metrics") -> 5 | E8: =COUNTIFS('Activity Catalog'!A2:A51,"7. Test Reporting & Metrics",'Activity Catalog'!F2:F51,"AUTO") -> 5 | F8: =COUNTIFS('Activity Catalog'!A2:A51,"7. Test Reporting & Metrics",'Activity Catalog'!F2:F51,"AI+") -> 0 | G8: =IFERROR(E8/D8,0) -> 1 | H8: =IFERROR((E8+F8)/D8,0) -> 1
A9: 8 | B9: Test Closure | C9: D · Test Intelligence & Closure | D9: =COUNTIF('Activity Catalog'!A2:A51,"8. Test Closure") -> 4 | E9: =COUNTIFS('Activity Catalog'!A2:A51,"8. Test Closure",'Activity Catalog'!F2:F51,"AUTO") -> 2 | F9: =COUNTIFS('Activity Catalog'!A2:A51,"8. Test Closure",'Activity Catalog'!F2:F51,"AI+") -> 2 | G9: =IFERROR(E9/D9,0) -> 0.5 | H9: =IFERROR((E9+F9)/D9,0) -> 1
A10: 9 | B10: Customer Release | C10: E · Release & Operations | D10: =COUNTIF('Activity Catalog'!A2:A51,"9. Customer Release") -> 5 | E10: =COUNTIFS('Activity Catalog'!A2:A51,"9. Customer Release",'Activity Catalog'!F2:F51,"AUTO") -> 2 | F10: =COUNTIFS('Activity Catalog'!A2:A51,"9. Customer Release",'Activity Catalog'!F2:F51,"AI+") -> 3 | G10: =IFERROR(E10/D10,0) -> 0.4 | H10: =IFERROR((E10+F10)/D10,0) -> 1
A11: 10 | B11: Post-Release & Prod. Monitoring | C11: E · Release & Operations | D11: =COUNTIF('Activity Catalog'!A2:A51,"10. Post-Release & Prod. Monitoring") -> 5 | E11: =COUNTIFS('Activity Catalog'!A2:A51,"10. Post-Release & Prod. Monitoring",'Activity Catalog'!F2:F51,"AUTO") -> 5 | F11: =COUNTIFS('Activity Catalog'!A2:A51,"10. Post-Release & Prod. Monitoring",'Activity Catalog'!F2:F51,"AI+") -> 0 | G11: =IFERROR(E11/D11,0) -> 1 | H11: =IFERROR((E11+F11)/D11,0) -> 1
B12: TOTAL | D12: =SUM(D2:D11) -> 50 | E12: =SUM(E2:E11) -> 31 | F12: =SUM(F2:F11) -> 19 | G12: =IFERROR(E12/D12,0) -> 0.62 | H12: =IFERROR((E12+F12)/D12,0) -> 1
B15: HOW TO USE
B16: 1. Each row in 'Activity Catalog' is one optimised STLC sub-activity (50 in total).
B17: 2. 'Includes' shows the original sub-items that were merged — coverage is preserved.
B18: 3. Add tools your team uses today in column G; add AI options in column H.
B19: 4. Target Zion Component (column I) is pre-populated from the Zion architecture.
B20: 5. Assign Owner (J) for each row; capture decisions in Notes (K); pick Status (L).
B21: 6. Status dropdown: Draft · In Review · Approved · In Progress · Blocked · Out of Scope.
B22: 7. Use the Summary sheet to monitor automation coverage across phases.

Sheet Activity Catalog
A1: STLC Phase | B1: Group | C1: Sub-Phase ID | D1: Sub-Phase (Optimized) | E1: Includes (Original Sub-Items) | F1: Automation Type | G1: Available Tools (Today) | H1: Available AI Solutions | I1: Target Zion Component(s) | J1: Owner / Team | K1: Team Notes / Comments | L1: Status
A2: 1. Requirements Analysis & Review | B2: A · Pre-Testing | C2: 1.1 | D2: Requirements Elicitation & Documentation Review | E2: Stakeholder & spec walkthrough | F2: AI+ | G2: JIRA · Confluence · IBM DOORS · MS Word · ReqSuite · Aha! | H2: ChatGPT · Claude · IBM Watson · Atlassian Intelligence · Notion AI | I2: Zion.IntelliSpec · Zion.Vault
A3: 1. Requirements Analysis & Review | B3: A · Pre-Testing | C3: 1.2 | D3: NL Requirement Parsing & Classification | E3: LLM extraction & functional / NFR tagging | F3: AUTO | G3: spaCy · NLTK · Stanford NLP · AWS Comprehend · Azure Text Analytics | H3: OpenAI GPT-4 · Claude · Cohere · AWS Comprehend NER · Google Gemini | I3: Zion.IntelliSpec
A4: 1. Requirements Analysis & Review | B4: A · Pre-Testing | C4: 1.3 | D4: Feasibility, Testability & Quality Analysis | E4: Requirement feasibility & testability · Ambiguity / gap / inconsistency detection | F4: AI+ | G4: QVscribe · Reqtify · IBM DOORS · Visure · Polarion | H4: QVscribe AI · IBM RDM · Visure AI · ChatGPT · Claude | I4: Zion.IntelliSpec · Zion.FlowEngine
A5: 1. Requirements Analysis & Review | B5: A · Pre-Testing | C5: 1.4 | D5: Test Basis Identification & RTM Creation | E5: Test basis identification from docs · RTM creation | F5: AI+ | G5: HP ALM · JIRA Xray · qTest · TestRail · Excel · Zephyr | H5: Test.ai · Sealights · BlinqIO · Atlassian Intelligence | I5: Zion.IntelliSpec · Zion.Vault
A6: 1. Requirements Analysis & Review | B6: A · Pre-Testing | C6: 1.5 | D6: Risk Identification & Acceptance Criteria Definition | E6: Risk identification from requirements · Acceptance criteria (BDD seed) | F6: AI+ | G6: JIRA · ServiceNow GRC · Risk register templates · Confluence | H6: Watson AI · ChatGPT · Claude · Codacy AI | I6: Zion.IntelliSpec · Zion.Nexus · Zion.TestGen
A7: 2. Test Planning | B7: A · Pre-Testing | C7: 2.1 | D7: Test Strategy & Scope Definition | E7: Test strategy definition · Test scope determination | F7: AI+ | G7: MS Word · Confluence · JIRA · TestRail · Aha! | H7: ChatGPT · Claude · Microsoft Copilot · Notion AI | I7: Zion.Compass · Zion.FlowEngine
A8: 2. Test Planning | B8: A · Pre-Testing | C8: 2.2 | D8: Resource Planning, Scheduling & Effort Estimation | E8: Resource planning & allocation · Timeline & schedule creation · ML effort estimation | F8: AI+ | G8: MS Project · JIRA · Smartsheet · Asana · Monday.com | H8: Forecast.ai · ProjectAI · Atlassian Intelligence · Microsoft Copilot | I8: Zion.Compass
A9: 2. Test Planning | B9: A · Pre-Testing | C9: 2.3 | D9: Risk Assessment & Mitigation Planning | E9: ML risk scoring & mitigation playbook | F9: AUTO | G9: JIRA Risk Register · ServiceNow GRC · Riskonnect · Archer | H9: Riskonnect AI · IBM Watson · SAS Risk AI | I9: Zion.Compass · Zion.Sentinel
A10: 2. Test Planning | B10: A · Pre-Testing | C10: 2.4 | D10: Tool Selection & Entry / Exit Criteria | E10: Test tool selection · Entry / exit criteria definition | F10: AI+ | G10: Gartner Reviews · G2 · TrustRadius · Tool catalogs | H10: Claude · ChatGPT · Gartner AI · Microsoft Copilot | I10: Zion.Compass · Zion.Vault
A11: 2. Test Planning | B11: A · Pre-Testing | C11: 2.5 | D11: Test Plan Document Auto-Generation | E11: LLM compiles formatted Test Plan from planning inputs | F11: AUTO | G11: MS Word templates · Confluence · Google Docs | H11: ChatGPT · Claude · Microsoft Copilot · Gamma AI | I11: Zion.Compass · Zion.Prism
A12: 3. Test Design & Development | B12: B · Test Preparation | C12: 3.1 | D12: Test Scenario & Case Generation | E12: Scenario identification from requirements · LLM-based test case generation | F12: AUTO | G12: TestRail · Zephyr · Xray · qTest · Tricentis Tosca · ALM Octane | H12: Functionize · Mabl · Testim · Diffblue Cover · ACCELQ · Katalon Studio AI | I12: Zion.TestGen · Zion.IntelliSpec
A13: 3. Test Design & Development | B13: B · Test Preparation | C13: 3.2 | D13: BDD / Gherkin Specification Writing | E13: Auto Given/When/Then generation from acceptance criteria | F13: AUTO | G13: Cucumber · SpecFlow · JBehave · Behave · Karate | H13: ChatGPT · Claude · Cucumber AI · Tricentis Tosca BDD | I13: Zion.TestGen
... A51: 10. Post-Release & Prod. Monitoring | B51: E · Release & Operations | C51: 10.5 | D51: Continuous Improvement & AI Model Retraining | E51: Closed-loop feedback into next sprint · MLOps retraining pipeline | F51: AUTO | G51: MLflow · Kubeflow · Airflow · Weights & Biases · DVC | H51: H2O AutoML · DataRobot · AWS SageMaker · Azure ML · Vertex AI | I51: Zion.FlowEngine · Zion.Nexus · Zion.Vault
